t,kid_k,c_parameter,mean_ai,max_ai,entropy_production,eta_toast
0,20.0,2.0,0.0,0,0.0,0.8888888888888888
100,20.46,2.0460000000000003,0.0,0,0.0,0.8820756282848802
200,20.9,2.09,0.0,0,0.0,0.8755668667064651
300,21.4,2.1399999999999997,0.0,0,0.0,0.8681893788794677
400,21.82,2.182,0.0,0,0.0,0.8620141343454164
500,22.26,2.226,0.0,0,0.0,0.8555717283125442
600,22.7,2.27,0.0,0,0.0,0.8491615932067073
700,23.24,2.324,0.0,0,0.0,0.8413449354944748
800,23.7,2.37,0.0,0,0.0,0.8347348308077027
900,23.98,2.398,0.0,0,0.0,0.8307348331134091
1000,24.46,2.446,0.0,0,0.0,0.8239216176350216
1100,24.9,2.4899999999999998,0.0,0,0.0,0.8177272764591424
1200,25.28,2.528,0.0,0,0.0,0.8124186938569834
1300,25.66,2.566,0.0,0,0.0,0.8071494695492955
1400,26.1,2.6100000000000003,0.0,0,0.0,0.8010988252085236
1500,26.64,2.664,0.0,0,0.0,0.7937491657291051
1600,27.0,2.7,0.0,0,0.0,0.7888970051132214
1700,27.32,2.732,0.0,0,0.0,0.7846164627008497
1800,27.68,2.768,0.0,0,0.0,0.7798378117660847
1900,28.02,2.802,0.0,0,0.0,0.7753609011674965
2000,28.5,2.85,0.0,0,0.0,0.7691010288412885
2100,28.9,2.8899999999999997,0.0,0,0.0,0.7639389113209667
2200,29.38,2.9379999999999997,0.0,0,0.0,0.7578100476120343
2300,29.78,2.978,0.0,0,0.0,0.7527575622686971
2400,30.2,3.02,0.0,0,0.0,0.7475062498453011
2500,30.54,3.054,0.0,0,0.0,0.7432955544159763
2600,30.98,3.098,0.0,0,0.0,0.7378999766815986
2700,31.28,3.128,0.0,0,0.0,0.7342557538609459
2800,31.76,3.176,0.0,0,0.0,0.728483140294476
2900,32.24,3.224,0.0,0,0.0,0.722781795224977
3000,32.6,3.2600000000000002,0.0,0,0.0,0.7185523154576915
3100,33.02,3.3020000000000005,0.0,0,0.0,0.7136680397536007
3200,33.5,3.35,0.0,0,0.0,0.7081516712907916
3300,33.74,3.374,0.0,0,0.0,0.7054195835264664
3400,34.12,3.412,0.0,0,0.0,0.7011291220104404
3500,34.52,3.4520000000000004,0.0,0,0.0,0.696659344881895
3600,34.78,3.478,0.0,0,0.0,0.6937793841401396
3700,35.06,3.5060000000000002,0.0,0,0.0,0.6907001149919159
3800,35.36,3.536,0.0,0,0.0,0.6874263194075071
3900,35.86,3.586,0.0,0,0.0,0.6820279547777045
4000,36.4,3.6399999999999997,0.0,0,0.0,0.6762782401902497
4100,36.82,3.682,0.0,0,0.0,0.6718633588314175
4200,37.08,3.7079999999999997,0.0,0,0.0,0.6691551248836918
4300,37.34,3.7340000000000004,0.0,0,0.0,0.6664656917419476
4400,37.76,3.776,0.0,0,0.0,0.6621606076165305
4500,38.16,3.816,0.0,0,0.0,0.6581053189258398
4600,38.7,3.87,0.0,0,0.0,0.6526991301561333
4700,39.08,3.908,0.0,0,0.0,0.6489413355704209
4800,39.56,3.9560000000000004,0.0,0,0.0,0.6442488898269256
4900,39.92,3.992,0.0,0,0.0,0.6407688198553583
5000,40.18,4.018,0.0,0,0.0,0.6382761397351361
5100,40.6,4.0600000000000005,0.0,0,0.0,0.6342858035588745
5200,41.1,4.11,0.0,0,0.0,0.6295931771094627
5300,41.48,4.148,0.0,0,0.0,0.6260682251358243
5400,41.82,4.182,0.0,0,0.0,0.6229442801515384
5500,42.12,4.212,0.0,0,0.0,0.6202111073742689
5600,42.54,4.254,0.0,0,0.0,0.6164208783809142
5700,42.88,4.288,0.0,0,0.0,0.6133831974201286
5800,43.14,4.314,0.0,0,0.0,0.6110785394571316
5900,43.66,4.366,0.0,0,0.0,0.6065161730468713
6000,44.14,4.414,0.0,0,0.0,0.6023595737302992
6100,44.5,4.45,0.0,0,0.0,0.5992761552057908
6200,44.9,4.49,0.0,0,0.0,0.595883888905478
6300,45.28,4.5280000000000005,0.0,0,0.0,0.5926937406933469
6400,45.52,4.5520000000000005,0.0,0,0.0,0.5906950477123802
6500,45.86,4.586,0.0,0,0.0,0.587884728957066
6600,46.3,4.63,0.0,0,0.0,0.5842842675466686
6700,46.72,4.672,0.0,0,0.0,0.5808852930586197
6800,47.12,4.712,0.0,0,0.0,0.5776820532134423
6900,47.48,4.747999999999999,0.0,0,0.0,0.5748270313016806
7000,47.86,4.786,0.0,0,0.0,0.5718417066643217
7100,48.3,4.83,0.0,0,0.0,0.5684208668124006
7200,48.76,4.8759999999999994,0.0,0,0.0,0.5648850929187321
7300,49.12,4.912,0.0,0,0.0,0.5621464840209405
7400,49.7,4.970000000000001,0.0,0,0.0,0.5577861389583315
7500,50.0,5.0,0.0,0,0.0,0.5555555555555556
7600,50.46,5.046,0.0,0,0.0,0.5521676409846705
7700,50.86,5.086,0.0,0,0.0,0.5492530169768427
7800,51.36,5.136,0.0,0,0.0,0.5456501821383707
7900,51.72,5.172,0.0,0,0.0,0.5430835806890735
8000,52.14,5.214,0.0,0,0.0,0.5401178376764615
8100,52.4,5.24,0.0,0,0.0,0.5382971729125575
8200,52.78,5.2780000000000005,0.0,0,0.0,0.5356569627641279
8300,53.22,5.322,0.0,0,0.0,0.5326303120290883
8400,53.58,5.358,0.0,0,0.0,0.530177940105329
8500,53.94,5.394,0.0,0,0.0,0.5277468740488155
8600,54.34,5.434,0.0,0,0.0,0.525070370928301
8700,54.76,5.476,0.0,0,0.0,0.5222876427659346
8800,55.1,5.51,0.0,0,0.0,0.5200554033614834
8900,55.38,5.538,0.0,0,0.0,0.5182306680449967
9000,55.76,5.576,0.0,0,0.0,0.5157736456686853
9100,56.08,5.608,0.0,0,0.0,0.513721719655975
9200,56.48,5.648,0.0,0,0.0,0.5111785924777101
9300,56.96,5.696,0.0,0,0.0,0.5081583684119623
9400,57.32,5.732,0.0,0,0.0,0.5059154686920231
9500,57.74,5.774,0.0,0,0.0,0.5033225477256384
9600,58.24,5.824,0.0,0,0.0,0.5002686882652634
9700,58.58,5.858,0.0,0,0.0,0.4982122447098118
9800,58.94,5.894,0.0,0,0.0,0.49605241087447205
9900,59.34,5.934,0.0,0,0.0,0.49367354933894414
10000,59.94,5.994,0.0,0,0.0,0.49014601264910346
10100,60.32,6.032,0.0,0,0.0,0.4879368296530989
10200,60.72,6.072,0.0,0,0.0,0.4856319485678016
10300,61.06,6.106,0.0,0,0.0,0.4836891939667338
10400,61.38,6.138,0.0,0,0.0,0.481874326265032
10500,61.78,6.178,0.0,0,0.0,0.4796240889917732
10600,62.14,6.214,0.0,0,0.0,0.47761610686917877
10700,62.54,6.254,0.0,0,0.0,0.47540392800405074
10800,63.02,6.3020000000000005,0.0,0,0.0,0.4727752499831018
10900,63.48,6.348,0.0,0,0.0,0.4702822790110382
11000,63.86,6.386,0.0,0,0.0,0.4682419275377653
11100,64.34,6.434,0.0,0,0.0,0.4656889514825795
11200,64.7,6.470000000000001,0.0,0,0.0,0.463791802641176
11300,65.12,6.5120000000000005,0.0,0,0.0,0.4615972626261595
11400,65.8,6.58,0.0,0,0.0,0.4580864794870545
11500,66.2,6.62,0.0,0,0.0,0.45604535653515754
11600,66.7,6.67,0.0,0,0.0,0.4535185937523904
11700,67.04,6.704000000000001,0.0,0,0.0,0.45181583598330327
11800,67.42,6.742,0.0,0,0.0,0.4499273622904946
11900,67.86,6.786,0.0,0,0.0,0.4477597463460172
12000,68.18,6.8180000000000005,0.0,0,0.0,0.44619598291418855
12100,68.46,6.845999999999999,0.0,0,0.0,0.4448363601937345
12200,68.86,6.886,0.0,0,0.0,0.44290793824682423
12300,69.16,6.9159999999999995,0.0,0,0.0,0.4414722448263615
12400,69.5,6.95,0.0,0,0.0,0.43985601835370436
12500,69.96,6.9959999999999996,0.0,0,0.0,0.43768757815626175
12600,70.24,7.023999999999999,0.0,0,0.0,0.4363778057651572
12700,70.56,7.056,0.0,0,0.0,0.4348902271980939
12800,70.98,7.098000000000001,0.0,0,0.0,0.4329526891528394
12900,71.34,7.134,0.0,0,0.0,0.4313052655214728
13000,71.72,7.172,0.0,0,0.0,0.4295795080272429
13100,72.16,7.215999999999999,0.0,0,0.0,0.4275979896257712
13200,72.6,7.26,0.0,0,0.0,0.42563420082195474
13300,73.02,7.302,0.0,0,0.0,0.42377600437727764
13400,73.3,7.33,0.0,0,0.0,0.42254596916797926
13500,73.52,7.351999999999999,0.0,0,0.0,0.421584386606186
13600,73.84,7.384,0.0,0,0.0,0.4201933162403123
13700,74.28,7.428,0.0,0,0.0,0.4182951532949246
13800,74.74,7.473999999999999,0.0,0,0.0,0.4163285227539914
13900,75.02,7.502,0.0,0,0.0,0.4151402570339076
14000,75.48,7.548,0.0,0,0.0,0.41320241947862923
14100,75.74,7.574,0.0,0,0.0,0.4121149161821705
14200,76.3,7.63,0.0,0,0.0,0.4097914923956288
14300,76.54,7.654000000000001,0.0,0,0.0,0.4088035584603243
14400,77.02,7.702,0.0,0,0.0,0.4068415944661936
14500,77.44,7.744,0.0,0,0.0,0.4051399197588581
14600,77.76,7.776000000000001,0.0,0,0.0,0.4038527217263624
14700,78.24,7.824,0.0,0,0.0,0.40193685892509423
14800,78.6,7.859999999999999,0.0,0,0.0,0.4005115949635413
14900,79.0,7.9,0.0,0,0.0,0.3989395278373942
15000,79.44,7.944,0.0,0,0.0,0.3972241512283947
15100,80.02,8.001999999999999,0.0,0,0.0,0.39498492546596947
15200,80.56,8.056000000000001,0.0,0,0.0,0.39292224899798966
15300,80.98,8.098,0.0,0,0.0,0.39133248323946357
15400,81.44,8.144,0.0,0,0.0,0.3896057174830399
15500,81.82,8.181999999999999,0.0,0,0.0,0.38819048813744056
15600,82.16,8.216,0.0,0,0.0,0.3869327498070988
15700,82.52,8.251999999999999,0.0,0,0.0,0.38560971100954045
15800,82.88,8.288,0.0,0,0.0,0.3842955188026598
15900,83.3,8.33,0.0,0,0.0,0.3827733607202388
16000,83.62,8.362,0.0,0,0.0,0.3816215410527707
16100,84.08,8.408,0.0,0,0.0,0.37997767134064514
16200,84.42,8.442,0.0,0,0.0,0.37877154633326754
16300,84.82,8.482,0.0,0,0.0,0.3773621672671821
16400,85.3,8.53,0.0,0,0.0,0.37568445148638696
16500,85.74,8.574,0.0,0,0.0,0.37415936876251044
16600,86.12,8.612,0.0,0,0.0,0.3728520096169149
16700,86.38,8.638,0.0,0,0.0,0.37196266197632577
16800,86.8,8.68,0.0,0,0.0,0.37053479953555085
16900,87.2,8.72,0.0,0,0.0,0.36918491422378025
17000,87.62,8.762,0.0,0,0.0,0.3677779041201073
17100,87.96,8.796,0.0,0,0.0,0.36664659753124623
17200,88.36,8.836,0.0,0,0.0,0.3653243820866356
17300,88.74,8.873999999999999,0.0,0,0.0,0.3640769379824845
17400,89.3,8.93,0.0,0,0.0,0.3622538028029033
17500,89.64,8.964,0.0,0,0.0,0.3611556400311293
17600,89.9,8.99,0.0,0,0.0,0.3603202802402002
17700,90.26,9.026,0.0,0,0.0,0.35916988859088056
17800,90.72,9.072,0.0,0,0.0,0.3577104261548779
17900,91.12,9.112,0.0,0,0.0,0.35645078913635636
18000,91.6,9.16,0.0,0,0.0,0.3549507099014198
18100,91.92,9.192,0.0,0,0.0,0.35395754727443446
18200,92.26,9.226,0.0,0,0.0,0.3529082936853399
18300,92.76,9.276,0.0,0,0.0,0.35137636044699194
18400,93.18,9.318000000000001,0.0,0,0.0,0.35009962885606954
18500,93.46,9.346,0.0,0,0.0,0.34925354248884594
18600,93.72,9.372,0.0,0,0.0,0.34847149219121937
18700,94.14,9.414,0.0,0,0.0,0.3472154475540361
18800,94.84,9.484,0.0,0,0.0,0.345141762138662
18900,95.18,9.518,0.0,0,0.0,0.3441433316842077
19000,95.42,9.542,0.0,0,0.0,0.34344198042279933
19100,95.8,9.58,0.0,0,0.0,0.3423372557988286
19200,96.28,9.628,0.0,0,0.0,0.3409517951954835
19300,96.68,9.668000000000001,0.0,0,0.0,0.33980566827346803
19400,97.04,9.704,0.0,0,0.0,0.33878063548879367
19500,97.5,9.75,0.0,0,0.0,0.337479718766901
19600,97.9,9.790000000000001,0.0,0,0.0,0.3363564760217171
19700,98.42,9.842,0.0,0,0.0,0.33490724767255287
19800,98.78,9.878,0.0,0,0.0,0.33391113684234797
19900,99.16,9.916,0.0,0,0.0,0.33286601397715
20000,99.58,9.958,0.0,0,0.0,0.3317183687730894
20100,100.12,10.012,0.0,0,0.0,0.330254258835159
20200,100.54,10.054,0.0,0,0.0,0.3291243024972495
20300,100.94,10.094,0.0,0,0.0,0.3280552320990767
20400,101.38,10.138,0.0,0,0.0,0.3268871518033559
20500,101.84,10.184000000000001,0.0,0,0.0,0.32567473255273727
20600,102.32,10.232,0.0,0,0.0,0.3244190388065032
20700,102.82,10.282,0.0,0,0.0,0.32312116059891616
20800,103.32,10.331999999999999,0.0,0,0.0,0.32183350654363646
20900,103.72,10.372,0.0,0,0.0,0.3208106649193847
21000,103.94,10.394,0.0,0,0.0,0.3202508370689512
21100,104.22,10.422,0.0,0,0.0,0.31954111663584955
21200,104.54,10.454,0.0,0,0.0,0.31873380662894973
21300,104.98,10.498000000000001,0.0,0,0.0,0.3176303192753526
21400,105.48,10.548,0.0,0,0.0,0.3163854931072475
21500,105.92,10.592,0.0,0,0.0,0.3152980018584483
21600,106.28,10.628,0.0,0,0.0,0.31441372136033574
21700,106.68,10.668000000000001,0.0,0,0.0,0.3134369246090764
21800,107.1,10.709999999999999,0.0,0,0.0,0.3124177296332301
21900,107.44,10.744,0.0,0,0.0,0.31159745784733717
22000,107.86,10.786,0.0,0,0.0,0.31059004650759114
22100,108.24,10.824,0.0,0,0.0,0.3096841176222852
22200,108.66,10.866,0.0,0,0.0,0.308688893498042
22300,109.02,10.902,0.0,0,0.0,0.30784086959426477
22400,109.56,10.956,0.0,0,0.0,0.30657744617517496
22500,109.88,10.988,0.0,0,0.0,0.3058335835557502
22600,110.18,11.018,0.0,0,0.0,0.30513945063987197
22700,110.66,11.065999999999999,0.0,0,0.0,0.3040353034826494
22800,111.04,11.104000000000001,0.0,0,0.0,0.3031667823563922
22900,111.54,11.154,0.0,0,0.0,0.3020314498844555
23000,111.84,11.184000000000001,0.0,0,0.0,0.3013542835636027
23100,112.28,11.228,0.0,0,0.0,0.30036652848950307
23200,112.7,11.27,0.0,0,0.0,0.2994296356961573
23300,113.14,11.314,0.0,0,0.0,0.2984543184327144
23400,113.52,11.352,0.0,0,0.0,0.2976170501221509
23500,114.0,11.4,0.0,0,0.0,0.2965660770031217
23600,114.34,11.434000000000001,0.0,0,0.0,0.29582607620706364
23700,114.66,11.466,0.0,0,0.0,0.29513293968032
23800,114.92,11.492,0.0,0,0.0,0.29457213167179475
23900,115.3,11.53,0.0,0,0.0,0.2937562778302545
24000,115.62,11.562000000000001,0.0,0,0.0,0.2930727086724199
24100,116.12,11.612,0.0,0,0.0,0.29201092118833455
24200,116.46,11.645999999999999,0.0,0,0.0,0.2912932507383819
24300,117.02,11.702,0.0,0,0.0,0.29011879722627393
24400,117.38,11.738,0.0,0,0.0,0.2893687361116627
24500,117.84,11.784,0.0,0,0.0,0.28841590160416414
24600,118.3,11.83,0.0,0,0.0,0.2874692680650925
24700,118.74,11.873999999999999,0.0,0,0.0,0.2865695398492998
24800,119.3,11.93,0.0,0,0.0,0.28543247625832235
24900,119.64,11.964,0.0,0,0.0,0.28474647139526055
25000,120.1,12.01,0.0,0,0.0,0.28382353549359834
25100,120.5,12.05,0.0,0,0.0,0.2830257923401007
25200,120.88,12.088,0.0,0,0.0,0.2822720452412408
25300,121.1,12.11,0.0,0,0.0,0.2818374826397071
25400,121.46,12.145999999999999,0.0,0,0.0,0.2811292359152251
25500,121.8,12.18,0.0,0,0.0,0.28046357082165696
25600,122.24,12.224,0.0,0,0.0,0.27960674994116913
25700,122.68,12.268,0.0,0,0.0,0.2787551071398481
25800,123.24,12.324,0.0,0,0.0,0.27767861399707505
25900,123.58,12.358,0.0,0,0.0,0.27702904440380144
26000,123.92,12.392,0.0,0,0.0,0.27638248338136573
26100,124.44,12.443999999999999,0.0,0,0.0,0.2753993977331204
26200,124.78,12.478,0.0,0,0.0,0.27476035482443883
26300,125.16,12.516,0.0,0,0.0,0.2740496044673326
26400,125.5,12.55,0.0,0,0.0,0.27341675630778445
26500,125.86,12.586,0.0,0,0.0,0.27274983606512615
26600,126.28,12.628,0.0,0,0.0,0.2719758324876984
26700,126.6,12.66,0.0,0,0.0,0.2713890359686938
26800,126.92,12.692,0.0,0,0.0,0.2708047475579992
26900,127.26,12.726,0.0,0,0.0,0.27018667147451453
27000,127.64,12.764,0.0,0,0.0,0.2694991867306742
27100,128.04,12.803999999999998,0.0,0,0.0,0.26877926102244776
27200,128.52,12.852,0.0,0,0.0,0.2679203750318223
27300,128.92,12.892,0.0,0,0.0,0.26720878905503515
27400,129.38,12.937999999999999,0.0,0,0.0,0.26639509109907045
27500,129.8,12.98,0.0,0,0.0,0.2656564354145816
27600,130.18,13.018,0.0,0,0.0,0.26499162430644524
27700,130.58,13.058000000000002,0.0,0,0.0,0.2642953837101222
27800,130.96,13.096,0.0,0,0.0,0.2636373123617394
27900,131.2,13.12,0.0,0,0.0,0.26322336267845825
28000,131.48,13.148,0.0,0,0.0,0.2627420502145061
28100,131.96,13.196000000000002,0.0,0,0.0,0.261920997989663
28200,132.38,13.238,0.0,0,0.0,0.26120674715299347
28300,132.68,13.268,0.0,0,0.0,0.26069893250192616
28400,132.98,13.297999999999998,0.0,0,0.0,0.26019307547139064
28500,133.38,13.338,0.0,0,0.0,0.2595216252552483
28600,133.8,13.38,0.0,0,0.0,0.25882029785612454
28700,134.16,13.416,0.0,0,0.0,0.25822215050240144
28800,134.52,13.452000000000002,0.0,0,0.0,0.25762674366307536
28900,134.8,13.48,0.0,0,0.0,0.2571655321876622
29000,135.22,13.522,0.0,0,0.0,0.2564767832462582
29100,135.6,13.559999999999999,0.0,0,0.0,0.25585678058205535
29200,135.92,13.591999999999999,0.0,0,0.0,0.2553369786857495
29300,136.26,13.626,0.0,0,0.0,0.254786983889239
29400,136.6,13.66,0.0,0,0.0,0.2542393386054805
29500,136.96,13.696000000000002,0.0,0,0.0,0.25366202320948245
29600,137.38,13.738,0.0,0,0.0,0.2529917732003336
29700,137.62,13.762,0.0,0,0.0,0.2526103513231417
29800,137.94,13.794,0.0,0,0.0,0.2521035633542889
29900,138.18,13.818000000000001,0.0,0,0.0,0.25172479670143966
30000,138.5,13.85,0.0,0,0.0,0.25122153068281017
30100,138.88,13.888,0.0,0,0.0,0.25062649405007503
30200,139.26,13.925999999999998,0.0,0,0.0,0.2500342526817143
30300,139.66,13.966,0.0,0,0.0,0.24941383908206993
30400,140.04,14.004,0.0,0,0.0,0.24882727442592223
30500,140.48,14.047999999999998,0.0,0,0.0,0.24815151147729006
30600,140.9,14.09,0.0,0,0.0,0.24750986021138466
30700,141.28,14.128,0.0,0,0.0,0.2469321546214765
30800,141.8,14.180000000000001,0.0,0,0.0,0.24614594128256265
30900,142.38,14.238,0.0,0,0.0,0.24527486280120397
31000,142.98,14.297999999999998,0.0,0,0.0,0.2443801746728578
31100,143.4,14.34,0.0,0,0.0,0.243757744917889
31200,143.86,14.386000000000001,0.0,0,0.0,0.24307964369518975
31300,144.36,14.436000000000002,0.0,0,0.0,0.24234681972008773
31400,144.76,14.475999999999999,0.0,0,0.0,0.24176371675072506
31500,145.04,14.504,0.0,0,0.0,0.24135720226931684
31600,145.38,14.538,0.0,0,0.0,0.2408654016533294
31700,145.8,14.580000000000002,0.0,0,0.0,0.24026062840183834
31800,146.16,14.616,0.0,0,0.0,0.23974465029561945
31900,146.52,14.652000000000001,0.0,0,0.0,0.2392308717676157
32000,146.86,14.686000000000002,0.0,0,0.0,0.23874764359440934
32100,147.34,14.734,0.0,0,0.0,0.23806873548839452
32200,147.76,14.776,0.0,0,0.0,0.2374778336878572
32300,148.12,14.812000000000001,0.0,0,0.0,0.23697366392578006
32400,148.56,14.856,0.0,0,0.0,0.2363603409494736
32500,148.84,14.884,0.0,0,0.0,0.23597168618797032
32600,149.26,14.925999999999998,0.0,0,0.0,0.23539108234936074
32700,149.76,14.975999999999999,0.0,0,0.0,0.23470358266493382
32800,150.1,15.01,0.0,0,0.0,0.23423836054995303
32900,150.4,15.040000000000001,0.0,0,0.0,0.2338293916082612
33000,150.76,15.075999999999999,0.0,0,0.0,0.23334050050020547
33100,151.18,15.118,0.0,0,0.0,0.23277269213874513
33200,151.54,15.154,0.0,0,0.0,0.23228818315185942
33300,151.82,15.181999999999999,0.0,0,0.0,0.23191272810282607
33400,152.08,15.208000000000002,0.0,0,0.0,0.2315651710390783
33500,152.4,15.24,0.0,0,0.0,0.23113882889660023
33600,152.82,15.282,0.0,0,0.0,0.23058161988069234
33700,153.22,15.322,0.0,0,0.0,0.23005342443500992
33800,153.56,15.356,0.0,0,0.0,0.2296063480204242
33900,154.04,15.404,0.0,0,0.0,0.2289781172195528
34000,154.4,15.440000000000001,0.0,0,0.0,0.22850918476684365
34100,154.8,15.48,0.0,0,0.0,0.22799038552172685
34200,155.26,15.526,0.0,0,0.0,0.2273966572925717
34300,155.68,15.568000000000001,0.0,0,0.0,0.22685723918237197
34400,156.1,15.61,0.0,0,0.0,0.22632036219957005
34500,156.66,15.666,0.0,0,0.0,0.22560844831489166
34600,157.1,15.709999999999999,0.0,0,0.0,0.22505220716979657
34700,157.46,15.746,0.0,0,0.0,0.22459912742967975
34800,157.82,15.782,0.0,0,0.0,0.2241478599837427
34900,158.18,15.818000000000001,0.0,0,0.0,0.22369839403701366
35000,158.56,15.856,0.0,0,0.0,0.22322590033132486
35100,158.84,15.884,0.0,0,0.0,0.22287901654395412
35200,159.12,15.912,0.0,0,0.0,0.22253320432598286
35300,159.56,15.956,0.0,0,0.0,0.2219919382812326
35400,159.94,15.994,0.0,0,0.0,0.22152658632752145
35500,160.42,16.041999999999998,0.0,0,0.0,0.2209415423413697
35600,160.78,16.078,0.0,0,0.0,0.22050477435077714
35700,161.08,16.108,0.0,0,0.0,0.22014211220206673
35800,161.46,16.146,0.0,0,0.0,0.21968444165422193
35900,161.8,16.18,0.0,0,0.0,0.21927655001280694
36000,162.14,16.214,0.0,0,0.0,0.2188701637054063
36100,162.46,16.246000000000002,0.0,0,0.0,0.2184890501763479
36200,162.7,16.27,0.0,0,0.0,0.2182040811673583
36300,162.98,16.298,0.0,0,0.0,0.2178725514018738
36400,163.3,16.330000000000002,0.0,0,0.0,0.21749488643950013
36500,163.68,16.368000000000002,0.0,0,0.0,0.21704809917422002
36600,163.94,16.394,0.0,0,0.0,0.21674345432189873
36700,164.4,16.44,0.0,0,0.0,0.2162065482703476
36800,164.74,16.474,0.0,0,0.0,0.2158114040462791
36900,165.24,16.524,0.0,0,0.0,0.2152329155161049
37000,165.54,16.554,0.0,0,0.0,0.2148873024879144
37100,165.88,16.588,0.0,0,0.0,0.21449694156947105
37200,166.26,16.625999999999998,0.0,0,0.0,0.21406232391214056
37300,166.62,16.662,0.0,0,0.0,0.2136521957930675
37400,167.08,16.708000000000002,0.0,0,0.0,0.21313041535326813
37500,167.58,16.758000000000003,0.0,0,0.0,0.21256613406448907
37600,167.88,16.788,0.0,0,0.0,0.2122289914915744
37700,168.38,16.838,0.0,0,0.0,0.21166944804947507
37800,168.9,16.89,0.0,0,0.0,0.211090631806509
37900,169.34,16.934,0.0,0,0.0,0.2106033213066574
38000,169.78,16.978,0.0,0,0.0,0.21011824677225985
38100,170.16,17.016,0.0,0,0.0,0.20970110641734682
38200,170.54,17.054,0.0,0,0.0,0.20928561263024809
38300,170.86,17.086000000000002,0.0,0,0.0,0.20893699312128203
38400,171.44,17.144,0.0,0,0.0,0.20830806030688456
38500,171.76,17.176,0.0,0,0.0,0.20796267481650466
38600,172.08,17.208000000000002,0.0,0,0.0,0.20761842840861003
38700,172.58,17.258000000000003,0.0,0,0.0,0.20708281048163477
38800,173.02,17.302,0.0,0,0.0,0.2066137389825063
38900,173.42,17.342,0.0,0,0.0,0.2061891436909695
39000,173.86,17.386000000000003,0.0,0,0.0,0.2057240924222999
39100,174.36,17.436,0.0,0,0.0,0.20519815556091472
39200,174.86,17.486,0.0,0,0.0,0.2046748910951311
39300,175.26,17.526,0.0,0,0.0,0.2042581900442395
39400,175.68,17.568,0.0,0,0.0,0.2038224695152682
39500,175.92,17.592,0.0,0,0.0,0.2035743169382719
39600,176.28,17.628,0.0,0,0.0,0.2032032148805064
39700,176.72,17.672,0.0,0,0.0,0.20275147240340438
39800,177.28,17.728,0.0,0,0.0,0.20217941379283288
39900,177.72,17.772,0.0,0,0.0,0.20173219073213347
40000,178.2,17.82,0.0,0,0.0,0.2012465541327256
40100,178.72,17.872,0.0,0,0.0,0.20072307026870836
40200,179.1,17.91,0.0,0,0.0,0.20034223733955353
40300,179.56,17.956,0.0,0,0.0,0.19988315139988783
40400,179.94,17.994,0.0,0,0.0,0.19950548495393916
40500,180.46,18.046,0.0,0,0.0,0.198990977028385
40600,180.92,18.092,0.0,0,0.0,0.19853803491416228
40700,181.28,18.128,0.0,0,0.0,0.19818498933246992
40800,181.78,18.178,0.0,0,0.0,0.1976967190294707
40900,182.18,18.218,0.0,0,0.0,0.1973078258004318
41000,182.6,18.259999999999998,0.0,0,0.0,0.1969011256576401
41100,183.04,18.304,0.0,0,0.0,0.19647684724732334
41200,183.4,18.34,0.0,0,0.0,0.19613106346026957
41300,183.86,18.386000000000003,0.0,0,0.0,0.19569098998385903
41400,184.3,18.43,0.0,0,0.0,0.19527188802645865
41500,184.62,18.462,0.0,0,0.0,0.1949682086815852
41600,185.02,18.502000000000002,0.0,0,0.0,0.19458993085347456
41700,185.48,18.548,0.0,0,0.0,0.19415671608262847
41800,185.94,18.594,0.0,0,0.0,0.1937254197329396
41900,186.32,18.631999999999998,0.0,0,0.0,0.19337056941447162
42000,186.58,18.658,0.0,0,0.0,0.19312852276729925
42100,187.16,18.716,0.0,0,0.0,0.19259074310679286
42200,187.5,18.75,0.0,0,0.0,0.1922768787053357
42300,187.88,18.788,0.0,0,0.0,0.19192729367519681
42400,188.26,18.826,0.0,0,0.0,0.19157897352686112
42500,188.66,18.866,0.0,0,0.0,0.1912136797262488
42600,189.04,18.904,0.0,0,0.0,0.19086793457470455
42700,189.36,18.936,0.0,0,0.0,0.19057774605865577
42800,189.82,18.982,0.0,0,0.0,0.19016213781673852
42900,190.18,19.018,0.0,0,0.0,0.18983813758345833
43000,190.54,19.054,0.0,0,0.0,0.18951523615867158
43100,191.02,19.102,0.0,0,0.0,0.18908640057683723
43200,191.3,19.130000000000003,0.0,0,0.0,0.18883713882614467
43300,191.78,19.178,0.0,0,0.0,0.18841135383834
43400,192.08,19.208000000000002,0.0,0,0.0,0.18814620895967762
43500,192.48,19.247999999999998,0.0,0,0.0,0.18779383764590513
43600,192.76,19.276,0.0,0,0.0,0.18754795967940702
43700,193.1,19.31,0.0,0,0.0,0.18725025521453414
43800,193.5,19.35,0.0,0,0.0,0.18690121884225078
43900,193.96,19.396,0.0,0,0.0,0.1865014274532332
44000,194.22,19.422,0.0,0,0.0,0.1862762118285663
44100,194.52,19.452,0.0,0,0.0,0.18601702061476347
44200,194.82,19.482,0.0,0,0.0,0.185758547584409
44300,195.12,19.512,0.0,0,0.0,0.18550078976638004
44400,195.56,19.556,0.0,0,0.0,0.18512403253381637
44500,195.92,19.592,0.0,0,0.0,0.1848169097586347
44600,196.32,19.631999999999998,0.0,0,0.0,0.18447685176345288
44700,196.82,19.682,0.0,0,0.0,0.1840535299708057
44800,197.26,19.726,0.0,0,0.0,0.18368260606639228
44900,197.62,19.762,0.0,0,0.0,0.1833802299056557
45000,198.06,19.806,0.0,0,0.0,0.18301200447312163
45100,198.48,19.848,0.0,0,0.0,0.18266188952938758
45200,199.02,19.902,0.0,0,0.0,0.1822136997913112
45300,199.32,19.932,0.0,0,0.0,0.18196565191084568
45400,199.72,19.972,0.0,0,0.0,0.18163596710821095
45500,200.08,20.008000000000003,0.0,0,0.0,0.18134026771943113
45600,200.6,20.06,0.0,0,0.0,0.18091483745171621
45700,200.78,20.078,0.0,0,0.0,0.18076803655220092
45800,201.16,20.116,0.0,0,0.0,0.1804589024316595
45900,201.46,20.146,0.0,0,0.0,0.18021559298913933
46000,201.8,20.18,0.0,0,0.0,0.1799406320749081
46100,202.24,20.224,0.0,0,0.0,0.17958603997011258
46200,202.58,20.258000000000003,0.0,0,0.0,0.17931299013386434
46300,202.96,20.296,0.0,0,0.0,0.17900879506830417
46400,203.3,20.330000000000002,0.0,0,0.0,0.1787374917274565
46500,203.44,20.344,0.0,0,0.0,0.17862601682666912
46600,203.74,20.374000000000002,0.0,0,0.0,0.17838760839505358
46700,204.18,20.418,0.0,0,0.0,0.17803908856996464
46800,204.48,20.448,0.0,0,0.0,0.1778022391117345
46900,204.9,20.490000000000002,0.0,0,0.0,0.17747170380847432
47000,205.38,20.538,0.0,0,0.0,0.1770954468664035
47100,205.78,20.578,0.0,0,0.0,0.176783112798734
47200,206.04,20.604,0.0,0,0.0,0.1765806842259834
47300,206.38,20.637999999999998,0.0,0,0.0,0.1763166665785283
47400,206.6,20.66,0.0,0,0.0,0.17614625083874091
47500,206.96,20.696,0.0,0,0.0,0.1758680963444453
47600,207.38,20.738,0.0,0,0.0,0.17554468817289715
47700,207.86,20.786,0.0,0,0.0,0.17517652852961638
47800,208.22,20.822,0.0,0,0.0,0.17490141803622028
47900,208.62,20.862000000000002,0.0,0,0.0,0.17459674883981496
48000,209.16,20.916,0.0,0,0.0,0.1741871209393939
48100,209.44,20.944,0.0,0,0.0,0.17397547517300857
48200,209.84,20.984,0.0,0,0.0,0.17367401248810832
48300,210.04,21.003999999999998,0.0,0,0.0,0.17352367160623672
48400,210.54,21.054,0.0,0,0.0,0.17314895286291562
48500,211.02,21.102,0.0,0,0.0,0.17279073853432692
48600,211.4,21.14,0.0,0,0.0,0.17250819903561876
48700,211.7,21.169999999999998,0.0,0,0.0,0.17228579177304826
48800,212.18,21.218,0.0,0,0.0,0.17193112762178256
48900,212.62,21.262,0.0,0,0.0,0.1716072960332637
49000,213.06,21.306,0.0,0,0.0,0.17128467906781356
49100,213.38,21.338,0.0,0,0.0,0.17105080756494762
49200,213.76,21.375999999999998,0.0,0,0.0,0.17077391131951097
49300,214.16,21.416,0.0,0,0.0,0.17048340611197976
49400,214.5,21.45,0.0,0,0.0,0.1702372508072877
49500,214.86,21.486,0.0,0,0.0,0.16997738753299324
49600,215.22,21.522,0.0,0,0.0,0.1697183145184445
49700,215.7,21.57,0.0,0,0.0,0.16937410692358867
49800,216.12,21.612000000000002,0.0,0,0.0,0.16907406586265683
49900,216.48,21.648,0.0,0,0.0,0.16881773062804062
50000,216.92,21.692,0.0,0,0.0,0.16850548313983477
